[
    {
        "fields": {
            "name": "BEAST"
        },
        "model": "core.application",
        "pk": 1
    },
    {
        "fields": {
            "name": "Clustalw"
        },
        "model": "core.application",
        "pk": 2
    },
    {
        "fields": {
            "name": "Crystal"
        },
        "model": "core.application",
        "pk": 3
    },
    {
        "fields": {
            "name": "Dacapo"
        },
        "model": "core.application",
        "pk": 4
    },
    {
        "fields": {
            "name": "Dirac"
        },
        "model": "core.application",
        "pk": 5
    },
    {
        "fields": {
            "name": "Gamess"
        },
        "model": "core.application",
        "pk": 6
    },
    {
        "fields": {
            "name": "Gamit"
        },
        "model": "core.application",
        "pk": 7
    },
    {
        "fields": {
            "name": "Garli"
        },
        "model": "core.application",
        "pk": 8
    },
    {
        "fields": {
            "name": "Gaussian"
        },
        "model": "core.application",
        "pk": 9
    },
    {
        "fields": {
            "name": "GPAW"
        },
        "model": "core.application",
        "pk": 10
    },
    {
        "fields": {
            "name": "Gromacs"
        },
        "model": "core.application",
        "pk": 11
    },
    {
        "fields": {
            "name": "IM"
        },
        "model": "core.application",
        "pk": 12
    },
    {
        "fields": {
            "name": "IMa2"
        },
        "model": "core.application",
        "pk": 13
    },
    {
        "fields": {
            "name": "LAMMPS"
        },
        "model": "core.application",
        "pk": 14
    },
    {
        "fields": {
            "name": "MrBayes"
        },
        "model": "core.application",
        "pk": 15
    },
    {
        "fields": {
            "name": "Mugsy"
        },
        "model": "core.application",
        "pk": 16
    },
    {
        "fields": {
            "name": "NAMD"
        },
        "model": "core.application",
        "pk": 17
    },
    {
        "fields": {
            "name": "Orca"
        },
        "model": "core.application",
        "pk": 18
    },
    {
        "fields": {
            "name": "Python"
        },
        "model": "core.application",
        "pk": 19
    },
    {
        "fields": {
            "name": "POY"
        },
        "model": "core.application",
        "pk": 20
    },
    {
        "fields": {
            "name": "QuantumEspresso"
        },
        "model": "core.application",
        "pk": 21
    },
    {
        "fields": {
            "name": "RAxML"
        },
        "model": "core.application",
        "pk": 22
    },
    {
        "fields": {
            "application": 1,
            "version": "1.6.1"
        },
        "model": "core.version",
        "pk": 1
    },
    {
        "fields": {
            "application": 2,
            "version": "1.82"
        },
        "model": "core.version",
        "pk": 2
    },
    {
        "fields": {
            "application": 3,
            "version": "09"
        },
        "model": "core.version",
        "pk": 3
    },
    {
        "fields": {
            "application": 4,
            "version": "r474"
        },
        "model": "core.version",
        "pk": 4
    },
    {
        "fields": {
            "application": 5,
            "version": "11"
        },
        "model": "core.version",
        "pk": 5
    },
    {
        "fields": {
            "application": 8,
            "version": "2009"
        },
        "model": "core.version",
        "pk": 6
    },
    {
        "fields": {
            "application": 7,
            "version": "10.4"
        },
        "model": "core.version",
        "pk": 7
    },
    {
        "fields": {
            "application": 8,
            "version": "2.0"
        },
        "model": "core.version",
        "pk": 8
    },
    {
        "fields": {
            "application": 9,
            "version": "09"
        },
        "model": "core.version",
        "pk": 9
    },
    {
        "fields": {
            "application": 10,
            "version": "0.8.0"
        },
        "model": "core.version",
        "pk": 10
    },
    {
        "fields": {
            "application": 11,
            "version": "4.5.4"
        },
        "model": "core.version",
        "pk": 11
    },
    {
        "fields": {
            "application": 12,
            "version": "12_17_2009"
        },
        "model": "core.version",
        "pk": 12
    },
    {
        "fields": {
            "application": 13,
            "version": "8.26.11"
        },
        "model": "core.version",
        "pk": 13
    },
    {
        "fields": {
            "application": 14,
            "version": "18_10_2011"
        },
        "model": "core.version",
        "pk": 14
    },
    {
        "fields": {
            "application": 15,
            "version": "3.1.2"
        },
        "model": "core.version",
        "pk": 15
    },
    {
        "fields": {
            "application": 16,
            "version": "1.2.1"
        },
        "model": "core.version",
        "pk": 16
    },
    {
        "fields": {
            "application": 17,
            "version": "2.7"
        },
        "model": "core.version",
        "pk": 17
    },
    {
        "fields": {
            "application": 18,
            "version": "r1730"
        },
        "model": "core.version",
        "pk": 18
    },
    {
        "fields": {
            "application": 19,
            "version": "2.7"
        },
        "model": "core.version",
        "pk": 19
    },
    {
        "fields": {
            "application": 20,
            "version": "4.1.2"
        },
        "model": "core.version",
        "pk": 20
    },
    {
        "fields": {
            "application": 21,
            "version": "4.3"
        },
        "model": "core.version",
        "pk": 21
    },
    {
        "fields": {
            "application": 22,
            "version": "7.3.0"
        },
        "model": "core.version",
        "pk": 22
    },
    {
        "fields": {
            "_app_obj": null,
            "args": "-threads ${cores_per_host} ${name}.xml",
            "checkpoints": "",
            "_constant_fields": "executable, args, inputs, outputs, checkpoints, hosts,  ",
            "cores_per_host": 1,
            "diskspace": 2048,
            "executable": "/opt/GridUNESP/beast/current/bin/beast",
            "hosts": 1,
            "inputs": "${name}.xml",
            "maxtime": 43200,
            "memory": 2048,
            "_multi_hosts": false,
            "_multi_thread": true,
            "_name": "Serial",
            "outputs": "${name}.*",
            "_required_fields": "cores_per_host, diskpace, maxtime, memory",
            "_shared_fs": true,
            "_version": 1
        },
        "model": "core.type",
        "pk": 1
    },
    {
        "fields": {
            "_app_obj": null,
            "args": "",
            "checkpoints": "",
            "_constant_fields": "",
            "cores_per_host": 1,
            "diskspace": 2048,
            "executable": "",
            "hosts": 1,
            "inputs": "",
            "maxtime": 43200,
            "memory": 2048,
            "_multi_hosts": false,
            "_multi_thread": true,
            "_name": "SMP",
            "outputs": "",
            "_required_fields": "",
            "_shared_fs": true,
            "_version": 1
        },
        "model": "core.type",
        "pk": 2
    },
    {
        "fields": {
            "_app_obj": null,
            "args": "",
            "checkpoints": "",
            "_constant_fields": "",
            "cores_per_host": 1,
            "diskspace": 2048,
            "executable": "",
            "hosts": 1,
            "inputs": "",
            "maxtime": 43200,
            "memory": 2048,
            "_multi_hosts": true,
            "_multi_thread": false,
            "_name": "MPI",
            "outputs": "",
            "_required_fields": "",
            "_shared_fs": true,
            "_version": 2
        },
        "model": "core.type",
        "pk": 3
    },
    {
        "fields": {
            "_app_obj": null,
            "args": "",
            "checkpoints": "",
            "_constant_fields": "",
            "cores_per_host": 1,
            "diskspace": 2048,
            "executable": "",
            "hosts": 1,
            "inputs": "",
            "maxtime": 43200,
            "memory": 2048,
            "_multi_hosts": true,
            "_multi_thread": true,
            "_name": "Serial",
            "outputs": "",
            "_required_fields": "",
            "_shared_fs": true,
            "_version": 3
        },
        "model": "core.type",
        "pk": 4
    },
    {
        "fields": {
            "_app_obj": null,
            "args": "",
            "checkpoints": "",
            "_constant_fields": "",
            "cores_per_host": 1,
            "diskspace": 2048,
            "executable": "",
            "hosts": 1,
            "inputs": "",
            "maxtime": 43200,
            "memory": 2048,
            "_multi_hosts": true,
            "_multi_thread": true,
            "_name": "Serial",
            "outputs": "",
            "_required_fields": "",
            "_shared_fs": true,
            "_version": 4
        },
        "model": "core.type",
        "pk": 5
    },
    {
        "fields": {
            "_app_obj": null,
            "args": "",
            "checkpoints": "",
            "_constant_fields": "",
            "cores_per_host": 1,
            "diskspace": 2048,
            "executable": "",
            "hosts": 1,
            "inputs": "",
            "maxtime": 43200,
            "memory": 2048,
            "_multi_hosts": true,
            "_multi_thread": true,
            "_name": "MPI",
            "outputs": "",
            "_required_fields": "",
            "_shared_fs": true,
            "_version": 4
        },
        "model": "core.type",
        "pk": 6
    },
    {
        "fields": {
            "_app_obj": null,
            "args": "",
            "checkpoints": "",
            "_constant_fields": "",
            "cores_per_host": 1,
            "diskspace": 2048,
            "executable": "",
            "hosts": 1,
            "inputs": "",
            "maxtime": 43200,
            "memory": 2048,
            "_multi_hosts": true,
            "_multi_thread": true,
            "_name": "Serial",
            "outputs": "",
            "_required_fields": "",
            "_shared_fs": true,
            "_version": 5
        },
        "model": "core.type",
        "pk": 7
    },
    {
        "fields": {
            "_app_obj": null,
            "args": "",
            "checkpoints": "",
            "_constant_fields": "",
            "cores_per_host": 1,
            "diskspace": 2048,
            "executable": "",
            "hosts": 1,
            "inputs": "",
            "maxtime": 43200,
            "memory": 2048,
            "_multi_hosts": true,
            "_multi_thread": true,
            "_name": "MPI",
            "outputs": "",
            "_required_fields": "",
            "_shared_fs": true,
            "_version": 5
        },
        "model": "core.type",
        "pk": 8
    },
    {
        "fields": {
            "_app_obj": null,
            "args": "",
            "checkpoints": "",
            "_constant_fields": "",
            "cores_per_host": 1,
            "diskspace": 2048,
            "executable": "",
            "hosts": 1,
            "inputs": "",
            "maxtime": 43200,
            "memory": 2048,
            "_multi_hosts": true,
            "_multi_thread": true,
            "_name": "Serial",
            "outputs": "",
            "_required_fields": "",
            "_shared_fs": true,
            "_version": 6
        },
        "model": "core.type",
        "pk": 9
    },
    {
        "fields": {
            "_app_obj": null,
            "args": "",
            "checkpoints": "",
            "_constant_fields": "",
            "cores_per_host": 1,
            "diskspace": 2048,
            "executable": "",
            "hosts": 1,
            "inputs": "",
            "maxtime": 43200,
            "memory": 2048,
            "_multi_hosts": true,
            "_multi_thread": true,
            "_name": "MPI",
            "outputs": "",
            "_required_fields": "",
            "_shared_fs": true,
            "_version": 6
        },
        "model": "core.type",
        "pk": 10
    },
    {
        "fields": {
            "_app_obj": null,
            "args": "",
            "checkpoints": "",
            "_constant_fields": "",
            "cores_per_host": 1,
            "diskspace": 2048,
            "executable": "",
            "hosts": 1,
            "inputs": "",
            "maxtime": 43200,
            "memory": 2048,
            "_multi_hosts": true,
            "_multi_thread": true,
            "_name": "Serial",
            "outputs": "",
            "_required_fields": "",
            "_shared_fs": true,
            "_version": 7
        },
        "model": "core.type",
        "pk": 11
    },
    {
        "fields": {
            "_app_obj": null,
            "args": "",
            "checkpoints": "",
            "_constant_fields": "",
            "cores_per_host": 1,
            "diskspace": 2048,
            "executable": "",
            "hosts": 1,
            "inputs": "",
            "maxtime": 43200,
            "memory": 2048,
            "_multi_hosts": true,
            "_multi_thread": true,
            "_name": "Serial",
            "outputs": "",
            "_required_fields": "",
            "_shared_fs": true,
            "_version": 8
        },
        "model": "core.type",
        "pk": 12
    },
    {
        "fields": {
            "_app_obj": null,
            "args": "",
            "checkpoints": "",
            "_constant_fields": "",
            "cores_per_host": 1,
            "diskspace": 2048,
            "executable": "",
            "hosts": 1,
            "inputs": "",
            "maxtime": 43200,
            "memory": 2048,
            "_multi_hosts": true,
            "_multi_thread": true,
            "_name": "MPI",
            "outputs": "",
            "_required_fields": "",
            "_shared_fs": true,
            "_version": 8
        },
        "model": "core.type",
        "pk": 13
    },
    {
        "fields": {
            "_app_obj": null,
            "args": "",
            "checkpoints": "",
            "_constant_fields": "",
            "cores_per_host": 1,
            "diskspace": 2048,
            "executable": "",
            "hosts": 1,
            "inputs": "",
            "maxtime": 43200,
            "memory": 2048,
            "_multi_hosts": true,
            "_multi_thread": true,
            "_name": "Serial",
            "outputs": "",
            "_required_fields": "",
            "_shared_fs": true,
            "_version": 9
        },
        "model": "core.type",
        "pk": 14
    },
    {
        "fields": {
            "_app_obj": null,
            "args": "",
            "checkpoints": "",
            "_constant_fields": "",
            "cores_per_host": 1,
            "diskspace": 2048,
            "executable": "",
            "hosts": 1,
            "inputs": "",
            "maxtime": 43200,
            "memory": 2048,
            "_multi_hosts": true,
            "_multi_thread": true,
            "_name": "SMP",
            "outputs": "",
            "_required_fields": "",
            "_shared_fs": true,
            "_version": 9
        },
        "model": "core.type",
        "pk": 15
    },
    {
        "fields": {
            "_app_obj": null,
            "args": "",
            "checkpoints": "",
            "_constant_fields": "",
            "cores_per_host": 1,
            "diskspace": 2048,
            "executable": "",
            "hosts": 1,
            "inputs": "",
            "maxtime": 43200,
            "memory": 2048,
            "_multi_hosts": true,
            "_multi_thread": true,
            "_name": "MPI",
            "outputs": "",
            "_required_fields": "",
            "_shared_fs": true,
            "_version": 9
        },
        "model": "core.type",
        "pk": 16
    },
    {
        "fields": {
            "_app_obj": null,
            "args": "",
            "checkpoints": "",
            "_constant_fields": "",
            "cores_per_host": 1,
            "diskspace": 2048,
            "executable": "",
            "hosts": 1,
            "inputs": "",
            "maxtime": 43200,
            "memory": 2048,
            "_multi_hosts": true,
            "_multi_thread": true,
            "_name": "Serial",
            "outputs": "",
            "_required_fields": "",
            "_shared_fs": true,
            "_version": 10
        },
        "model": "core.type",
        "pk": 17
    },
    {
        "fields": {
            "_app_obj": null,
            "args": "",
            "checkpoints": "",
            "_constant_fields": "",
            "cores_per_host": 1,
            "diskspace": 2048,
            "executable": "",
            "hosts": 1,
            "inputs": "",
            "maxtime": 43200,
            "memory": 2048,
            "_multi_hosts": true,
            "_multi_thread": true,
            "_name": "MPI",
            "outputs": "",
            "_required_fields": "",
            "_shared_fs": true,
            "_version": 10
        },
        "model": "core.type",
        "pk": 18
    },
    {
        "fields": {
            "_app_obj": null,
            "args": "",
            "checkpoints": "",
            "_constant_fields": "",
            "cores_per_host": 1,
            "diskspace": 2048,
            "executable": "",
            "hosts": 1,
            "inputs": "",
            "maxtime": 43200,
            "memory": 2048,
            "_multi_hosts": true,
            "_multi_thread": true,
            "_name": "Serial",
            "outputs": "",
            "_required_fields": "",
            "_shared_fs": true,
            "_version": 11
        },
        "model": "core.type",
        "pk": 19
    },
    {
        "fields": {
            "_app_obj": null,
            "args": "",
            "checkpoints": "",
            "_constant_fields": "",
            "cores_per_host": 1,
            "diskspace": 2048,
            "executable": "",
            "hosts": 1,
            "inputs": "",
            "maxtime": 43200,
            "memory": 2048,
            "_multi_hosts": true,
            "_multi_thread": true,
            "_name": "SMP",
            "outputs": "",
            "_required_fields": "",
            "_shared_fs": true,
            "_version": 11
        },
        "model": "core.type",
        "pk": 20
    },
    {
        "fields": {
            "_app_obj": null,
            "args": "",
            "checkpoints": "",
            "_constant_fields": "",
            "cores_per_host": 1,
            "diskspace": 2048,
            "executable": "",
            "hosts": 1,
            "inputs": "",
            "maxtime": 43200,
            "memory": 2048,
            "_multi_hosts": true,
            "_multi_thread": true,
            "_name": "MPI",
            "outputs": "",
            "_required_fields": "",
            "_shared_fs": true,
            "_version": 11
        },
        "model": "core.type",
        "pk": 21
    },
    {
        "fields": {
            "_app_obj": null,
            "args": "",
            "checkpoints": "",
            "_constant_fields": "",
            "cores_per_host": 1,
            "diskspace": 2048,
            "executable": "",
            "hosts": 1,
            "inputs": "",
            "maxtime": 43200,
            "memory": 2048,
            "_multi_hosts": true,
            "_multi_thread": true,
            "_name": "Serial",
            "outputs": "",
            "_required_fields": "",
            "_shared_fs": true,
            "_version": 12
        },
        "model": "core.type",
        "pk": 22
    },
    {
        "fields": {
            "_app_obj": null,
            "args": "",
            "checkpoints": "",
            "_constant_fields": "",
            "cores_per_host": 1,
            "diskspace": 2048,
            "executable": "",
            "hosts": 1,
            "inputs": "",
            "maxtime": 43200,
            "memory": 2048,
            "_multi_hosts": true,
            "_multi_thread": true,
            "_name": "Serial",
            "outputs": "",
            "_required_fields": "",
            "_shared_fs": true,
            "_version": 13
        },
        "model": "core.type",
        "pk": 23
    },
    {
        "fields": {
            "_app_obj": null,
            "args": "",
            "checkpoints": "",
            "_constant_fields": "",
            "cores_per_host": 1,
            "diskspace": 2048,
            "executable": "",
            "hosts": 1,
            "inputs": "",
            "maxtime": 43200,
            "memory": 2048,
            "_multi_hosts": true,
            "_multi_thread": true,
            "_name": "Serial",
            "outputs": "",
            "_required_fields": "",
            "_shared_fs": true,
            "_version": 14
        },
        "model": "core.type",
        "pk": 24
    },
    {
        "fields": {
            "_app_obj": null,
            "args": "",
            "checkpoints": "",
            "_constant_fields": "",
            "cores_per_host": 1,
            "diskspace": 2048,
            "executable": "",
            "hosts": 1,
            "inputs": "",
            "maxtime": 43200,
            "memory": 2048,
            "_multi_hosts": true,
            "_multi_thread": true,
            "_name": "MPI",
            "outputs": "",
            "_required_fields": "",
            "_shared_fs": true,
            "_version": 14
        },
        "model": "core.type",
        "pk": 25
    },
    {
        "fields": {
            "_app_obj": null,
            "args": "",
            "checkpoints": "",
            "_constant_fields": "",
            "cores_per_host": 1,
            "diskspace": 2048,
            "executable": "",
            "hosts": 1,
            "inputs": "",
            "maxtime": 43200,
            "memory": 2048,
            "_multi_hosts": true,
            "_multi_thread": true,
            "_name": "Serial",
            "outputs": "",
            "_required_fields": "",
            "_shared_fs": true,
            "_version": 15
        },
        "model": "core.type",
        "pk": 26
    },
    {
        "fields": {
            "_app_obj": null,
            "args": "",
            "checkpoints": "",
            "_constant_fields": "",
            "cores_per_host": 1,
            "diskspace": 2048,
            "executable": "",
            "hosts": 1,
            "inputs": "",
            "maxtime": 43200,
            "memory": 2048,
            "_multi_hosts": true,
            "_multi_thread": true,
            "_name": "MPI",
            "outputs": "",
            "_required_fields": "",
            "_shared_fs": true,
            "_version": 15
        },
        "model": "core.type",
        "pk": 27
    },
    {
        "fields": {
            "_app_obj": null,
            "args": "",
            "checkpoints": "",
            "_constant_fields": "",
            "cores_per_host": 1,
            "diskspace": 2048,
            "executable": "",
            "hosts": 1,
            "inputs": "",
            "maxtime": 43200,
            "memory": 2048,
            "_multi_hosts": true,
            "_multi_thread": true,
            "_name": "Serial",
            "outputs": "",
            "_required_fields": "",
            "_shared_fs": true,
            "_version": 16
        },
        "model": "core.type",
        "pk": 28
    },
    {
        "fields": {
            "_app_obj": null,
            "args": "",
            "checkpoints": "",
            "_constant_fields": "",
            "cores_per_host": 1,
            "diskspace": 2048,
            "executable": "",
            "hosts": 1,
            "inputs": "",
            "maxtime": 43200,
            "memory": 2048,
            "_multi_hosts": true,
            "_multi_thread": true,
            "_name": "MPI",
            "outputs": "",
            "_required_fields": "",
            "_shared_fs": true,
            "_version": 17
        },
        "model": "core.type",
        "pk": 29
    },
    {
        "fields": {
            "_app_obj": null,
            "args": "",
            "checkpoints": "",
            "_constant_fields": "",
            "cores_per_host": 1,
            "diskspace": 2048,
            "executable": "",
            "hosts": 1,
            "inputs": "",
            "maxtime": 43200,
            "memory": 2048,
            "_multi_hosts": true,
            "_multi_thread": true,
            "_name": "Serial",
            "outputs": "",
            "_required_fields": "",
            "_shared_fs": true,
            "_version": 18
        },
        "model": "core.type",
        "pk": 30
    },
    {
        "fields": {
            "_app_obj": null,
            "args": "",
            "checkpoints": "",
            "_constant_fields": "",
            "cores_per_host": 1,
            "diskspace": 2048,
            "executable": "",
            "hosts": 1,
            "inputs": "",
            "maxtime": 43200,
            "memory": 2048,
            "_multi_hosts": true,
            "_multi_thread": true,
            "_name": "Serial",
            "outputs": "",
            "_required_fields": "",
            "_shared_fs": true,
            "_version": 19
        },
        "model": "core.type",
        "pk": 31
    },
    {
        "fields": {
            "_app_obj": null,
            "args": "",
            "checkpoints": "",
            "_constant_fields": "",
            "cores_per_host": 1,
            "diskspace": 2048,
            "executable": "",
            "hosts": 1,
            "inputs": "",
            "maxtime": 43200,
            "memory": 2048,
            "_multi_hosts": true,
            "_multi_thread": true,
            "_name": "SMP",
            "outputs": "",
            "_required_fields": "",
            "_shared_fs": true,
            "_version": 19
        },
        "model": "core.type",
        "pk": 32
    },
    {
        "fields": {
            "_app_obj": null,
            "args": "",
            "checkpoints": "",
            "_constant_fields": "",
            "cores_per_host": 1,
            "diskspace": 2048,
            "executable": "",
            "hosts": 1,
            "inputs": "",
            "maxtime": 43200,
            "memory": 2048,
            "_multi_hosts": true,
            "_multi_thread": true,
            "_name": "MPI",
            "outputs": "",
            "_required_fields": "",
            "_shared_fs": true,
            "_version": 19
        },
        "model": "core.type",
        "pk": 33
    },
    {
        "fields": {
            "_app_obj": null,
            "args": "",
            "checkpoints": "",
            "_constant_fields": "",
            "cores_per_host": 1,
            "diskspace": 2048,
            "executable": "",
            "hosts": 1,
            "inputs": "",
            "maxtime": 43200,
            "memory": 2048,
            "_multi_hosts": true,
            "_multi_thread": true,
            "_name": "Serial",
            "outputs": "",
            "_required_fields": "",
            "_shared_fs": true,
            "_version": 20
        },
        "model": "core.type",
        "pk": 34
    },
    {
        "fields": {
            "_app_obj": null,
            "args": "",
            "checkpoints": "",
            "_constant_fields": "",
            "cores_per_host": 1,
            "diskspace": 2048,
            "executable": "",
            "hosts": 1,
            "inputs": "",
            "maxtime": 43200,
            "memory": 2048,
            "_multi_hosts": true,
            "_multi_thread": true,
            "_name": "MPI",
            "outputs": "",
            "_required_fields": "",
            "_shared_fs": true,
            "_version": 20
        },
        "model": "core.type",
        "pk": 35
    },
    {
        "fields": {
            "_app_obj": null,
            "args": "",
            "checkpoints": "",
            "_constant_fields": "",
            "cores_per_host": 1,
            "diskspace": 2048,
            "executable": "",
            "hosts": 1,
            "inputs": "",
            "maxtime": 43200,
            "memory": 2048,
            "_multi_hosts": true,
            "_multi_thread": true,
            "_name": "Serial",
            "outputs": "",
            "_required_fields": "",
            "_shared_fs": true,
            "_version": 21
        },
        "model": "core.type",
        "pk": 36
    },
    {
        "fields": {
            "_app_obj": null,
            "args": "",
            "checkpoints": "",
            "_constant_fields": "",
            "cores_per_host": 1,
            "diskspace": 2048,
            "executable": "",
            "hosts": 1,
            "inputs": "",
            "maxtime": 43200,
            "memory": 2048,
            "_multi_hosts": true,
            "_multi_thread": true,
            "_name": "MPI",
            "outputs": "",
            "_required_fields": "",
            "_shared_fs": true,
            "_version": 21
        },
        "model": "core.type",
        "pk": 37
    },
    {
        "fields": {
            "_app_obj": null,
            "args": "",
            "checkpoints": "",
            "_constant_fields": "",
            "cores_per_host": 1,
            "diskspace": 2048,
            "executable": "",
            "hosts": 1,
            "inputs": "",
            "maxtime": 43200,
            "memory": 2048,
            "_multi_hosts": true,
            "_multi_thread": true,
            "_name": "Serial",
            "outputs": "",
            "_required_fields": "",
            "_shared_fs": true,
            "_version": 22
        },
        "model": "core.type",
        "pk": 38
    },
    {
        "fields": {
            "_app_obj": null,
            "args": "",
            "checkpoints": "",
            "_constant_fields": "",
            "cores_per_host": 1,
            "diskspace": 2048,
            "executable": "",
            "hosts": 1,
            "inputs": "",
            "maxtime": 43200,
            "memory": 2048,
            "_multi_hosts": true,
            "_multi_thread": true,
            "_name": "SMP",
            "outputs": "",
            "_required_fields": "",
            "_shared_fs": true,
            "_version": 22
        },
        "model": "core.type",
        "pk": 39
    },
    {
        "fields": {
            "_app_obj": null,
            "args": "",
            "checkpoints": "",
            "_constant_fields": "",
            "cores_per_host": 1,
            "diskspace": 2048,
            "executable": "",
            "hosts": 1,
            "inputs": "",
            "maxtime": 43200,
            "memory": 2048,
            "_multi_hosts": true,
            "_multi_thread": true,
            "_name": "MPI",
            "outputs": "",
            "_required_fields": "",
            "_shared_fs": true,
            "_version": 22
        },
        "model": "core.type",
        "pk": 40
    }
]
